발생년,발생년월일,주야,요일,사망자수,사상자수,중상자수,경상자수,부상신고자수,발생지시도,발생지시군구,사고유형_대분류,사고유형_중분류,사고유형,법규위반,도로형태_대분류,도로형태,가해자_당사자종별_대분류,가해자_당사자종별,피해자_당사자종별_대분류,피해자_당사자종별,발생위치X_UTMK,발생위치Y_UTMK,경도,위도
2018,20180221,야,수,1,5,0,4,0,서울,송파구,차대차,추돌,추돌,안전운전 의무 불이행,교차로,교차로부근,화물차,화물차,승용차,승용차,965783,1946811,127.1127841,37.51995856
2018,20180416,주,월,1,1,0,0,0,서울,송파구,차대사람,길가장자리구역통행중,길가장자리구역통행중,안전운전 의무 불이행,교차로,교차로내,승용차,승용차,보행자,보행자,966778,1943299,127.1242025,37.48833964
2018,20181104,주,일,1,1,0,0,0,서울,송파구,차대사람,횡단중,횡단중,안전운전 의무 불이행,단일로,기타단일로,승용차,승용차,보행자,보행자,962630,1944913,127.0772006,37.50272876
2018,20180217,주,토,1,1,0,0,0,서울,송파구,차대차,측면충돌,측면충돌,안전운전 의무 불이행,교차로,교차로횡단보도내,화물차,화물차,자전거,자전거,964997,1945508,127.1039516,37.50818457
2018,20181111,주,일,2,10,4,4,0,서울,송파구,차대차,기타,기타,안전운전 의무 불이행,단일로,기타단일로,승용차,승용차,승합차,승합차,963373,1946466,127.0855292,37.51675638
2018,20181213,주,목,1,2,1,0,0,서울,성북구,차량단독,공작물충돌,공작물충돌,안전운전 의무 불이행,단일로,기타단일로,승용차,승용차,없음,없음,958178,1956131,127.026193,37.60364868
2018,20181224,야,월,1,1,0,0,0,서울,서초구,차대차,기타,기타,안전운전 의무 불이행,단일로,기타단일로,승용차,승용차,승용차,승용차,959188.7,1940745.3,127.0384984,37.46501785
2018,20181129,야,목,1,5,1,3,0,서울,서초구,차대차,측면충돌,측면충돌,신호위반,교차로,교차로내,승용차,승용차,승합차,승합차,956965,1945592,127.0130697,37.50860203
2018,20181121,야,수,1,1,0,0,0,서울,양천구,차대사람,횡단중,횡단중,신호위반,교차로,교차로횡단보도내,승용차,승용차,보행자,보행자,941612,1946667,126.8392781,37.51744725
2018,20181009,야,화,1,1,0,0,0,서울,양천구,차량단독,전도,전도,안전운전 의무 불이행,단일로,교량위,이륜차,이륜차,없음,없음,941233,1947550,126.834919,37.52538168
2018,20181015,주,월,1,1,0,0,0,서울,노원구,차대사람,보도통행중,보도통행중,기타(운전자법규위반),단일로,기타단일로,승용차,승용차,보행자,보행자,961344,1961159,127.0617941,37.64910564
2018,20180625,주,월,1,1,0,0,0,서울,노원구,차대사람,차도통행중,차도통행중,안전운전 의무 불이행,단일로,기타단일로,승용차,승용차,보행자,보행자,962805,1961949,127.0783154,37.65628642
2018,20180207,야,수,1,1,0,0,0,서울,도봉구,차대사람,기타,기타,안전운전 의무 불이행,교차로,교차로부근,승용차,승용차,보행자,보행자,959831,1963854,127.0444947,37.67333108
2018,20180909,야,일,1,1,0,0,0,서울,은평구,차량단독,공작물충돌,공작물충돌,안전운전 의무 불이행,단일로,기타단일로,원동기장치자전거,원동기장치자전거,없음,없음,948379,1957711,126.9150721,37.61739138
2018,20180206,주,화,1,1,0,0,0,서울,은평구,차대사람,횡단중,횡단중,안전운전 의무 불이행,교차로,교차로내,승용차,승용차,보행자,보행자,948558,1958412,126.917051,37.62371954
2018,20180812,야,일,1,1,0,0,0,서울,강남구,차량단독,기타,기타,안전운전 의무 불이행,단일로,지하차도(도로)내,승용차,승용차,없음,없음,962353.7,1942968.9,127.0741741,37.48519452
2018,20180207,야,수,1,1,0,0,0,서울,종로구,차대사람,차도통행중,차도통행중,안전운전 의무 불이행,단일로,기타단일로,승용차,승용차,보행자,보행자,956096,1952534,127.0028223,37.57113118
2018,20180822,주,수,1,1,0,0,0,서울,은평구,차대사람,횡단중,횡단중,안전운전 의무 불이행,단일로,기타단일로,화물차,화물차,보행자,보행자,950125,1956036,126.9349697,37.60239092
2018,20180928,야,금,1,1,0,0,0,서울,은평구,차대차,정면충돌,정면충돌,신호위반,교차로,교차로내,승합차,승합차,이륜차,이륜차,946616,1953820,126.8953801,37.58222105
2018,20181030,주,화,1,1,0,0,0,서울,강북구,차대사람,횡단중,횡단중,안전운전 의무 불이행,단일로,기타단일로,승용차,승용차,보행자,보행자,957010,1958945,127.0127956,37.62895786
2018,20180930,야,일,1,1,0,0,0,서울,동대문구,차대사람,기타,기타,안전운전 의무 불이행,기타,기타,승용차,승용차,보행자,보행자,961846,1951986,127.0679631,37.56644815
2018,20180712,주,목,2,8,1,3,2,서울,광진구,차대사람,길가장자리구역통행중,길가장자리구역통행중,안전운전 의무 불이행,단일로,기타단일로,승용차,승용차,보행자,보행자,963978,1950370,127.0921836,37.55196846
2018,20180808,야,수,1,1,0,0,0,서울,광진구,차대사람,기타,기타,안전운전 의무 불이행,단일로,기타단일로,승용차,승용차,보행자,보행자,961682,1949748,127.0662231,37.54626953
2018,20180309,주,금,1,1,0,0,0,서울,마포구,차대차,기타,기타,과속,교차로,교차로부근,승합차,승합차,원동기장치자전거,원동기장치자전거,950931,1948948,126.9445751,37.53854919
2018,20180407,야,토,1,1,0,0,0,서울,금천구,차대사람,횡단중,횡단중,안전운전 의무 불이행,단일로,기타단일로,화물차,화물차,보행자,보행자,947008,1939510,126.9008518,37.45326561
2018,20180929,야,토,1,2,0,1,0,서울,관악구,차대사람,기타,기타,안전운전 의무 불이행,단일로,기타단일로,승용차,승용차,보행자,보행자,952041.8,1942372.6,126.957577,37.47934194
2018,20181201,야,토,1,1,0,0,0,서울,관악구,차대사람,기타,기타,안전운전 의무 불이행,교차로,교차로부근,승용차,승용차,보행자,보행자,948753,1941764,126.9204237,37.47367987
2018,20181105,주,월,1,4,2,1,0,서울,강남구,차대차,정면충돌,정면충돌,신호위반,교차로,교차로내,승용차,승용차,승용차,승용차,958299,1946861,127.0280911,37.52010121
2018,20181215,야,토,1,1,0,0,0,서울,강서구,차대차,측면충돌,측면충돌,안전운전 의무 불이행,단일로,기타단일로,화물차,화물차,자전거,자전거,940319,1952842,126.8241451,37.57301958
2018,20181119,주,월,1,1,0,0,0,서울,강동구,차대사람,기타,기타,안전운전 의무 불이행,단일로,기타단일로,승합차,승합차,보행자,보행자,967308,1950672,127.1298694,37.55481469
2018,20181124,야,토,1,2,1,0,0,서울,강동구,차대차,기타,기타,기타(운전자법규위반),단일로,기타단일로,승용차,승용차,화물차,화물차,971043,1951552,127.1721207,37.5628715
2018,20180320,야,화,1,1,0,0,0,서울,강동구,차대사람,보도통행중,보도통행중,보행자 보호의무 위반,교차로,교차로내,승용차,승용차,보행자,보행자,970944,1951153,127.1710156,37.55927202
2018,20180412,야,목,1,1,0,0,0,서울,송파구,차대차,정면충돌,정면충돌,안전운전 의무 불이행,단일로,기타단일로,승용차,승용차,승용차,승용차,965824,1943541,127.1134001,37.49048609
2018,20180720,주,금,1,1,0,0,0,서울,송파구,차대사람,횡단중,횡단중,안전운전 의무 불이행,단일로,기타단일로,승용차,승용차,보행자,보행자,966539,1944852,127.1214284,37.50232894
2018,20180806,주,월,1,1,0,0,0,서울,송파구,차대사람,기타,기타,안전운전 의무 불이행,교차로,교차로부근,승용차,승용차,보행자,보행자,969500,1944188,127.1549555,37.49644659
2018,20180427,주,금,1,1,0,0,0,서울,송파구,차대차,측면충돌,측면충돌,안전운전 의무 불이행,단일로,기타단일로,승용차,승용차,승용차,승용차,965204,1946065,127.1062673,37.51321288
2018,20181013,야,토,1,1,0,0,0,서울,송파구,차대사람,횡단중,횡단중,신호위반,단일로,기타단일로,승용차,승용차,보행자,보행자,965793,1944290,127.1130146,37.49723603
2018,20181011,주,목,1,1,0,0,0,서울,성북구,차대차,측면충돌,측면충돌,신호위반,교차로,교차로내,승용차,승용차,이륜차,이륜차,958721,1956113,127.0323456,37.60351098
2018,20180428,야,토,1,1,0,0,0,서울,성북구,차대차,기타,기타,신호위반,교차로,교차로부근,이륜차,이륜차,이륜차,이륜차,958854,1955803.8,127.0338697,37.60073006
2018,20180213,야,화,1,1,0,0,0,서울,성북구,차대사람,기타,기타,안전운전 의무 불이행,단일로,기타단일로,화물차,화물차,보행자,보행자,959121,1956399,127.0368611,37.60610663
2018,20180310,야,토,1,1,0,0,0,서울,성북구,차대사람,차도통행중,차도통행중,안전운전 의무 불이행,단일로,기타단일로,승용차,승용차,보행자,보행자,959009,1955220,127.0356583,37.59547506
2018,20180821,주,화,1,1,0,0,0,서울,구로구,차대차,측면충돌,측면충돌,신호위반,교차로,교차로내,승용차,승용차,자전거,자전거,946176,1942533,126.8912244,37.48046447
2018,20180324,야,토,1,1,0,0,0,서울,서초구,차대사람,횡단중,횡단중,안전운전 의무 불이행,단일로,기타단일로,승용차,승용차,보행자,보행자,956552,1943581,127.0085157,37.49045686
2018,20180223,주,금,1,1,0,0,0,서울,양천구,차대차,기타,기타,안전운전 의무 불이행,단일로,기타단일로,승용차,승용차,건설기계,건설기계,940550,1946385,126.8272841,37.51483774
2018,20181114,주,수,1,1,0,0,0,서울,노원구,차대차,측면충돌,측면충돌,직진 및 우회전차의 통행방해,교차로,교차로내,이륜차,이륜차,승용차,승용차,963839,1958244,127.0902211,37.62293375
2018,20180601,야,금,1,2,0,1,0,서울,노원구,차량단독,공작물충돌,공작물충돌,과속,단일로,기타단일로,이륜차,이륜차,없음,없음,962616,1962794,127.0761294,37.66389487
2018,20180313,야,화,1,2,1,0,0,서울,은평구,차대차,측면충돌,측면충돌,신호위반,교차로,교차로내,원동기장치자전거,원동기장치자전거,승용차,승용차,948085,1957300,126.9117701,37.61367048
2018,20180901,야,토,1,1,0,0,0,서울,서초구,차대사람,기타,기타,안전운전 의무 불이행,기타,기타,승용차,승용차,보행자,보행자,955147,1943257,126.9926427,37.48746935
2018,20180928,야,금,1,1,0,0,0,서울,서초구,차대사람,횡단중,횡단중,안전운전 의무 불이행,불명,불명,승용차,승용차,보행자,보행자,955814,1942162,127.0002529,37.47763189
2018,20180110,야,수,1,2,0,0,1,서울,중구,차대사람,보도통행중,보도통행중,기타(운전자법규위반),단일로,기타단일로,승용차,승용차,보행자,보행자,956090,1951798,127.0027984,37.56449716
2018,20180821,야,화,1,1,0,0,0,서울,중구,차대사람,기타,기타,안전운전 의무 불이행,교차로,교차로부근,승합차,승합차,보행자,보행자,954376,1951967,126.9833806,37.56593706
2018,20180402,야,월,1,1,0,0,0,서울,서대문구,차대차,정면충돌,정면충돌,중앙선 침범,단일로,기타단일로,이륜차,이륜차,승용차,승용차,950673,1954890,126.941255,37.59209148
2018,20180630,야,토,1,1,0,0,0,서울,용산구,차량단독,공작물충돌,공작물충돌,안전운전 의무 불이행,단일로,기타단일로,이륜차,이륜차,없음,없음,956761,1947988,127.0106206,37.53018837
2018,20180223,야,금,1,6,0,5,0,서울,강북구,차대차,정면충돌,정면충돌,중앙선 침범,단일로,기타단일로,승용차,승용차,승합차,승합차,958023,1959206,127.0242605,37.63135713
2018,20180224,야,토,1,1,0,0,0,서울,동대문구,차대사람,횡단중,횡단중,안전운전 의무 불이행,교차로,교차로횡단보도내,승용차,승용차,보행자,보행자,960672,1951888,127.054675,37.56551545
2018,20180307,주,수,1,1,0,0,0,서울,동대문구,차대사람,횡단중,횡단중,안전운전 의무 불이행,교차로,교차로횡단보도내,화물차,화물차,보행자,보행자,962041,1953347,127.0701006,37.57872331
2018,20181206,주,목,1,1,0,0,0,서울,광진구,차대사람,횡단중,횡단중,안전운전 의무 불이행,교차로,교차로횡단보도내,승합차,승합차,보행자,보행자,964208,1948640,127.0948719,37.53638429
2018,20181009,주,화,1,1,0,0,0,서울,마포구,차대사람,횡단중,횡단중,신호위반,단일로,기타단일로,건설기계,건설기계,보행자,보행자,951870,1951044,126.9550659,37.55749033
2018,20180204,주,일,1,1,0,0,0,서울,마포구,차대사람,횡단중,횡단중,안전운전 의무 불이행,단일로,기타단일로,승합차,승합차,보행자,보행자,950602,1950921,126.9407184,37.55631458
2018,20181101,주,목,1,1,0,0,0,서울,영등포구,차대사람,횡단중,횡단중,안전운전 의무 불이행,단일로,기타단일로,화물차,화물차,보행자,보행자,946256,1945919,126.8918818,37.5109877
2018,20180720,주,금,1,1,0,0,0,서울,영등포구,차대차,측면충돌,측면충돌,안전운전 의무 불이행,단일로,기타단일로,건설기계,건설기계,자전거,자전거,947506,1946469,126.9059857,37.51601691
2018,20180829,주,수,1,1,0,0,0,서울,영등포구,차대사람,횡단중,횡단중,신호위반,교차로,교차로부근,화물차,화물차,보행자,보행자,949967,1946752,126.9338134,37.51870441
2018,20180903,주,월,1,3,2,0,0,서울,영등포구,차대사람,보도통행중,보도통행중,기타(운전자법규위반),단일로,기타단일로,승용차,승용차,보행자,보행자,947447,1947089,126.9052737,37.5216017
2018,20180617,야,일,1,1,0,0,0,서울,영등포구,차대차,측면충돌,측면충돌,안전운전 의무 불이행,교차로,교차로내,자전거,자전거,승용차,승용차,947126,1944265,126.9018444,37.49613019
2018,20180809,야,목,1,1,0,0,0,서울,영등포구,차대사람,기타,기타,안전운전 의무 불이행,교차로,교차로내,승용차,승용차,보행자,보행자,947067,1944315,126.9011733,37.49657747
2018,20180316,주,금,1,1,0,0,0,서울,영등포구,차대사람,기타,기타,안전운전 의무 불이행,단일로,기타단일로,승합차,승합차,보행자,보행자,946481,1946557,126.8943811,37.51675117
2018,20180311,야,일,1,2,0,1,0,서울,성동구,차대차,정면충돌,정면충돌,중앙선 침범,단일로,기타단일로,이륜차,이륜차,승용차,승용차,958101,1951844,127.025566,37.56500547
2018,20180115,야,월,1,1,0,0,0,서울,성동구,차대사람,횡단중,횡단중,안전운전 의무 불이행,기타,기타,승용차,승용차,보행자,보행자,958632,1951659,127.0315889,37.56336202
2018,20180712,주,목,1,1,0,0,0,서울,동작구,차대사람,차도통행중,차도통행중,기타(운전자법규위반),단일로,기타단일로,화물차,화물차,보행자,보행자,949015,1944677,126.9231848,37.4999499
2018,20180104,주,목,1,1,0,0,0,서울,중랑구,차대사람,차도통행중,차도통행중,안전운전 의무 불이행,교차로,교차로부근,승용차,승용차,보행자,보행자,962641,1957216,127.0766982,37.61362022
2018,20180227,야,화,1,1,0,0,0,서울,강남구,차대차,측면충돌,측면충돌,신호위반,교차로,교차로내,승용차,승용차,승용차,승용차,958528,1946177,127.0307211,37.51394641
2018,20180530,주,수,1,1,0,0,0,서울,강서구,차대차,측면충돌,측면충돌,안전거리 미확보,단일로,기타단일로,자전거,자전거,승용차,승용차,944606,1950281,126.8728838,37.55020516
2018,20180322,주,목,1,2,1,0,0,서울,강동구,차대사람,횡단중,횡단중,안전운전 의무 불이행,단일로,기타단일로,승용차,승용차,보행자,보행자,966878,1949043,127.1250747,37.5401165
2018,20180310,주,토,1,1,0,0,0,서울,송파구,차대사람,기타,기타,안전운전 의무 불이행,교차로,교차로부근,승용차,승용차,보행자,보행자,963866,1945672,127.0911469,37.50961917
2018,20180718,야,수,1,2,0,1,0,서울,송파구,차대사람,차도통행중,차도통행중,안전운전 의무 불이행,교차로,교차로부근,승용차,승용차,보행자,보행자,964380,1945037,127.0969934,37.50391563
2018,20180920,주,목,1,1,0,0,0,서울,성북구,차대사람,횡단중,횡단중,보행자 보호의무 위반,교차로,교차로횡단보도내,건설기계,건설기계,보행자,보행자,960194,1957235,127.0489718,37.61368876
2018,20180924,야,월,1,2,0,1,0,서울,서초구,차대차,측면충돌,측면충돌,중앙선 침범,단일로,기타단일로,승용차,승용차,승용차,승용차,957817,1944239,127.0227872,37.49644631
2018,20180706,야,금,1,1,0,0,0,서울,도봉구,차대사람,기타,기타,안전운전 의무 불이행,교차로,교차로내,건설기계,건설기계,보행자,보행자,959199,1960300,127.037527,37.64127052
2018,20181009,주,화,1,1,0,0,0,서울,은평구,차대차,기타,기타,신호위반,교차로,교차로내,이륜차,이륜차,승합차,승합차,949066,1957684,126.9228582,37.61718636
2018,20181218,야,화,1,1,0,0,0,서울,은평구,차대사람,차도통행중,차도통행중,안전운전 의무 불이행,단일로,기타단일로,승용차,승용차,보행자,보행자,947755,1960927,126.9077718,37.64634188
2018,20181029,주,월,1,1,0,0,0,서울,강남구,차대차,기타,기타,안전거리 미확보,단일로,기타단일로,승합차,승합차,승용차,승용차,961227,1943892,127.0613815,37.49346819
2018,20181114,야,수,1,1,0,0,0,서울,강남구,차대차,기타,기타,신호위반,교차로,교차로내,이륜차,이륜차,화물차,화물차,959935,1943965,127.0467622,37.494071
2018,20180119,야,금,1,2,0,1,0,서울,금천구,차대사람,차도통행중,차도통행중,과속,단일로,기타단일로,승용차,승용차,보행자,보행자,946692,1938836,126.8973279,37.44717251
2018,20180518,야,금,1,1,0,0,0,서울,서대문구,차대사람,횡단중,횡단중,안전운전 의무 불이행,단일로,기타단일로,승용차,승용차,보행자,보행자,948336,1952410,126.9149591,37.56961078
2018,20180811,야,토,1,1,0,0,0,서울,용산구,차대사람,횡단중,횡단중,보행자 보호의무 위반,단일로,기타단일로,승용차,승용차,보행자,보행자,955810,1948639,126.9998183,37.53601092
2018,20181017,야,수,1,1,0,0,0,서울,성북구,차대사람,횡단중,횡단중,신호위반,교차로,교차로내,화물차,화물차,보행자,보행자,956678,1957451,127.0091217,37.61547662
2018,20180722,야,일,1,1,0,0,0,서울,강북구,차대사람,횡단중,횡단중,보행자 보호의무 위반,교차로,교차로내,승합차,승합차,보행자,보행자,957079,1959504,127.0135447,37.63399943
2018,20180326,주,월,1,1,0,0,0,서울,동대문구,차대차,측면충돌,측면충돌,교차로 통행방법 위반,교차로,교차로내,화물차,화물차,자전거,자전거,961933,1954537,127.0688157,37.58944466
2018,20181119,주,월,1,1,0,0,0,서울,동대문구,차대차,기타,기타,안전운전 의무 불이행,교차로,교차로내,화물차,화물차,자전거,자전거,961188.5,1955305.2,127.0603422,37.59633754
2018,20181009,주,화,1,1,0,0,0,서울,동대문구,차대차,기타,기타,안전거리 미확보,교차로,교차로횡단보도내,자전거,자전거,화물차,화물차,958590,1952836,127.0310469,37.57396874
2018,20181211,주,화,1,1,0,0,0,서울,동대문구,차대사람,기타,기타,보행자 보호의무 위반,교차로,교차로부근,이륜차,이륜차,보행자,보행자,959962,1952954,127.0465774,37.57509301
2018,20180711,야,수,1,1,0,0,0,서울,광진구,차대사람,차도통행중,차도통행중,안전운전 의무 불이행,기타,기타,승용차,승용차,보행자,보행자,961461,1948201,127.0638025,37.53231667
2018,20180303,주,토,1,1,0,0,0,서울,광진구,차량단독,공작물충돌,공작물충돌,안전운전 의무 불이행,단일로,교량위,승용차,승용차,없음,없음,965454.9,1949710.3,127.1089348,37.5460789
2018,20181026,야,금,1,1,0,0,0,서울,마포구,차량단독,공작물충돌,공작물충돌,안전운전 의무 불이행,단일로,기타단일로,승용차,승용차,없음,없음,946642,1951330,126.8958559,37.55978005
2018,20180827,야,월,1,1,0,0,0,서울,마포구,차량단독,공작물충돌,공작물충돌,안전운전 의무 불이행,단일로,기타단일로,승용차,승용차,없음,없음,946689,1951370,126.8963851,37.56014329
2018,20180519,야,토,1,1,0,0,0,서울,영등포구,차대차,기타,기타,중앙선 침범,단일로,교량위,승용차,승용차,원동기장치자전거,원동기장치자전거,945392,1947321,126.8820019,37.52357336
2018,20180107,야,일,1,1,0,0,0,서울,영등포구,차대사람,횡단중,횡단중,과속,단일로,기타단일로,승용차,승용차,보행자,보행자,948462,1946568,126.9167962,37.51696312
2018,20180827,야,월,1,1,0,0,0,서울,관악구,차량단독,기타,기타,안전운전 의무 불이행,단일로,기타단일로,자전거,자전거,없음,없음,947812,1942891,126.9097021,37.48378509
2018,20180826,야,일,1,1,0,0,0,서울,관악구,차대사람,횡단중,횡단중,신호위반,교차로,교차로내,이륜차,이륜차,보행자,보행자,947823,1942588,126.909848,37.48105471
2018,20181101,야,목,1,1,0,0,0,서울,금천구,차대사람,횡단중,횡단중,신호위반,교차로,교차로횡단보도내,승용차,승용차,보행자,보행자,946765,1941301,126.897975,37.46939434